{"max": 0.1300172358751297, "min": -0.10299372673034668, "diffs": [-0.004108160734176636, -0.045551955699920654, 0.00145798921585083, -0.03434246778488159, -0.040188491344451904, 0.007211744785308838, 0.09454625844955444, 0.02676624059677124, -0.10299372673034668, 6.67572021484375e-06, 0.02541142702102661, -0.04700341820716858, 0.0027926266193389893, -0.016515612602233887, -0.013663768768310547, -4.029273986816406e-05, -0.0024238228797912598, -6.181001663208008e-05, -0.0029418468475341797, -0.00019359588623046875, -0.09612113237380981, -0.007230520248413086, 0.004214197397232056, 1.7464160919189453e-05, 0.00022614002227783203, 0.11600419878959656, -0.0052571892738342285, 0.00358504056930542, 0.002086043357849121, -0.026575922966003418, 0.0, -0.004550665616989136, 0.0, -0.022293031215667725, 1.0788440704345703e-05, -0.0012101531028747559, -0.0007659196853637695, -0.03645509481430054, -0.06635820865631104, -0.00012218952178955078, 0.0, 0.011995792388916016, 0.01052314043045044, -0.03645786643028259, -0.0218982994556427, -4.76837158203125e-07, -0.0032814741134643555, 0.007709920406341553, -2.384185791015625e-07, 0.04015105962753296, -0.06017214059829712, 0.01209115982055664, 0.0033402442932128906, 0.0, 5.960464477539062e-07, -0.06695032119750977, 0.1300172358751297, -0.021166861057281494, 0.09355413913726807, -0.070942223072052, 0.02477365732192993, -0.026257812976837158, 0.025867938995361328, -0.07826966047286987]}